Rank,Title,Comment,Score,Url
1,肖申克的救赎/The Shawshank Redemption/月黑高飞(港)  /  刺激1995(台),希望让人自由。,9.6,https://movie.douban.com/subject/1292052/
2,霸王别姬/再见，我的妾  /  Farewell My Concubine,风华绝代。,9.6,https://movie.douban.com/subject/1291546/
3,这个杀手不太冷/Léon/杀手莱昂  /  终极追杀令(台),怪蜀黍和小萝莉不得不说的故事。,9.4,https://movie.douban.com/subject/1295644/
4,阿甘正传/Forrest Gump/福雷斯特·冈普,一部美国近现代史。,9.4,https://movie.douban.com/subject/1292720/
5,美丽人生/La vita è bella/一个快乐的传说(港)  /  Life Is Beautiful,最美的谎言。,9.5,https://movie.douban.com/subject/1292063/
6,泰坦尼克号/Titanic/铁达尼号(港 / 台),失去的才是永恒的。 ,9.4,https://movie.douban.com/subject/1292722/
7,千与千寻/千と千尋の神隠し/神隐少女(台)  /  千与千寻的神隐,最好的宫崎骏，最好的久石让。 ,9.3,https://movie.douban.com/subject/1291561/
8,辛德勒的名单/Schindler's List/舒特拉的名单(港)  /  辛德勒名单,拯救一个人，就是拯救整个世界。,9.5,https://movie.douban.com/subject/1295124/
9,盗梦空间/Inception/潜行凶间(港)  /  全面启动(台),诺兰给了我们一场无法盗取的梦。,9.3,https://movie.douban.com/subject/3541415/
10,忠犬八公的故事/Hachi: A Dog's Tale/忠犬小八(台)  /  秋田犬八千(港),永远都不能忘记你所爱的人。,9.3,https://movie.douban.com/subject/3011091/
11,机器人总动员/WALL·E/瓦力(台)  /  太空奇兵·威E(港),小瓦力，大人生。,9.3,https://movie.douban.com/subject/2131459/
12,三傻大闹宝莱坞/3 Idiots/三个傻瓜(台)  /  作死不离3兄弟(港),英俊版憨豆，高情商版谢耳朵。,9.2,https://movie.douban.com/subject/3793023/
13,放牛班的春天/Les choristes/歌声伴我心(港)  /  唱诗班男孩,天籁一般的童声，是最接近上帝的存在。 ,9.3,https://movie.douban.com/subject/1291549/
14,海上钢琴师/La leggenda del pianista sull'oceano/声光伴我飞(港)  /  一九零零的传奇,每个人都要走一条自己坚定了的路，就算是粉身碎骨。 ,9.2,https://movie.douban.com/subject/1292001/
15,楚门的世界/The Truman Show/真人Show(港)  /  真人戏,如果再也不能见到你，祝你早安，午安，晚安。,9.2,https://movie.douban.com/subject/1292064/
16,大话西游之大圣娶亲/西遊記大結局之仙履奇緣/西游记完结篇仙履奇缘  /  齐天大圣西游记,一生所爱。,9.2,https://movie.douban.com/subject/1292213/
17,星际穿越/Interstellar/星际启示录(港)  /  星际效应(台),爱是一种力量，让我们超越时空感知它的存在。,9.2,https://movie.douban.com/subject/1889243/
18,龙猫/となりのトトロ/邻居托托罗  /  邻家的豆豆龙,人人心中都有个龙猫，童年就永远不会消失。,9.2,https://movie.douban.com/subject/1291560/
19,教父/The Godfather/Mario Puzo's The Godfather,千万不要记恨你的对手，这样会让你失去理智。,9.3,https://movie.douban.com/subject/1291841/
20,熔炉/도가니/无声呐喊(港)  /  漩涡,我们一路奋战不是为了改变世界，而是为了不让世界改变我们。,9.3,https://movie.douban.com/subject/5912992/
21,无间道/無間道/Infernal Affairs  /  Mou gaan dou,香港电影史上永不过时的杰作。,9.2,https://movie.douban.com/subject/1307914/
22,疯狂动物城/Zootopia/优兽大都会(港)  /  动物方城市(台),迪士尼给我们营造的乌托邦就是这样，永远善良勇敢，永远出乎意料。,9.2,https://movie.douban.com/subject/25662329/
23,当幸福来敲门/The Pursuit of Happyness/寻找快乐的故事(港)  /  追求快乐,平民励志片。 ,9.1,https://movie.douban.com/subject/1849031/
24,怦然心动/Flipped/萌动青春  /  青春萌动,真正的幸福是来自内心深处。,9.0,https://movie.douban.com/subject/3319755/
25,触不可及/Intouchables/闪亮人生(港)  /  逆转人生(台),满满温情的高雅喜剧。,9.2,https://movie.douban.com/subject/6786002/
26,蝙蝠侠：黑暗骑士/The Dark Knight/蝙蝠侠前传2：黑暗骑士  /  黑暗骑士(台),无尽的黑暗。,9.1,https://movie.douban.com/subject/1851857/
27,乱世佳人/Gone with the Wind/飘,Tomorrow is another day.,9.3,https://movie.douban.com/subject/1300267/
28,活着/人生  /  Lifetimes,张艺谋最好的电影。,9.2,https://movie.douban.com/subject/1292365/
29,控方证人/Witness for the Prosecution/雄才伟略  /  情妇,比利·怀德满分作品。,9.6,https://movie.douban.com/subject/1296141/
30,少年派的奇幻漂流/Life of Pi/少年Pi的奇幻漂流  /  漂流少年Pi,瑰丽壮观、无人能及的冒险之旅。,9.0,https://movie.douban.com/subject/1929463/
31,指环王3：王者无敌/The Lord of the Rings: The Return of the King/魔戒三部曲：王者再临(台 / 港),史诗的终章。,9.2,https://movie.douban.com/subject/1291552/
32,天堂电影院/Nuovo Cinema Paradiso/星光伴我心(港)  /  新天堂乐园(台),那些吻戏，那些青春，都在影院的黑暗里被泪水冲刷得无比清晰。,9.2,https://movie.douban.com/subject/1291828/
33,天空之城/天空の城ラピュタ/Tenkû no shiro Rapyuta  /  Laputa: Castle in the Sky,对天空的追逐，永不停止。 ,9.1,https://movie.douban.com/subject/1291583/
34,鬼子来了/Devils on the Doorstep,对敌人的仁慈，就是对自己残忍。,9.2,https://movie.douban.com/subject/1291858/
35,摔跤吧！爸爸/Dangal/我和我的冠军女儿(台)  /  打死不离3父女(港),你不是在为你一个人战斗，你要让千千万万的女性看到女生并不是只能相夫教子。,9.0,https://movie.douban.com/subject/26387939/
36,十二怒汉/12 Angry Men/12怒汉  /  十二怒汉,1957年的理想主义。 ,9.4,https://movie.douban.com/subject/1293182/
37,飞屋环游记/Up/冲天救兵(港)  /  天外奇迹(台),最后那些最无聊的事情，才是最值得怀念的。 ,9.0,https://movie.douban.com/subject/2129039/
38,大话西游之月光宝盒/西遊記第壹佰零壹回之月光寶盒/西游记101回月光宝盒  /  齐天大圣东游记,旷古烁今。,9.0,https://movie.douban.com/subject/1299398/
39,哈尔的移动城堡/ハウルの動く城/呼啸山城  /  霍尔的移动城堡,带着心爱的人在天空飞翔。,9.0,https://movie.douban.com/subject/1308807/
40,搏击俱乐部/Fight Club/搏击会(港)  /  斗阵俱乐部(台),邪恶与平庸蛰伏于同一个母体，在特定的时间互相对峙。,9.0,https://movie.douban.com/subject/1292000/
41,罗马假日/Roman Holiday/金枝玉叶(港)  /  罗马假期(台),爱情哪怕只有一天。,9.0,https://movie.douban.com/subject/1293839/
42,闻香识女人/Scent of a Woman/女人香  /  女人的芳香,史上最美的探戈。,9.0,https://movie.douban.com/subject/1298624/
43,末代皇帝/The Last Emperor/末代皇帝溥仪(港),“不要跟我比惨，我比你更惨”再适合这部电影不过了。,9.2,https://movie.douban.com/subject/1293172/
44,寻梦环游记/Coco/可可夜总会(台)  /  玩转极乐园(港),死亡不是真的逝去，遗忘才是永恒的消亡。,9.0,https://movie.douban.com/subject/20495023/
45,辩护人/변호인/逆权大状(港)  /  正义辩护人(台),电影的现实意义大过电影本身。,9.2,https://movie.douban.com/subject/21937445/
46,窃听风暴/Das Leben der Anderen/窃听者(港)  /  他人的生活,别样人生。,9.1,https://movie.douban.com/subject/1900841/
47,素媛/소원/许愿  /  希望：为爱重生(台),受过伤害的人总是笑得最开心，因为他们不愿意让身边的人承受一样的痛苦。,9.2,https://movie.douban.com/subject/21937452/
48,死亡诗社/Dead Poets Society/暴雨骄阳(港)  /  春风化雨(台),当一个死水般的体制内出现一个活跃的变数时，所有的腐臭都站在了光明的对面。,9.0,https://movie.douban.com/subject/1291548/
49,"两杆大烟枪/Lock, Stock and Two Smoking Barrels/够姜四小强(港)  /  两根枪管(台)",4个臭皮匠顶个诸葛亮，盖·里奇果然不是盖的。,9.1,https://movie.douban.com/subject/1293350/
50,飞越疯人院/One Flew Over the Cuckoo's Nest/飞越杜鹃窝(台)  /  飞越喜鹊巢,自由万岁。,9.1,https://movie.douban.com/subject/1292224/
51,指环王2：双塔奇兵/The Lord of the Rings: The Two Towers/魔戒二部曲：双城奇谋  /  指环王II：双塔,承前启后的史诗篇章。,9.0,https://movie.douban.com/subject/1291572/
52,教父2/The Godfather: Part Ⅱ/教父续集  /  教父II,优雅的孤独。,9.2,https://movie.douban.com/subject/1299131/
53,指环王1：魔戒再现/The Lord of the Rings: The Fellowship of the Ring/魔戒首部曲：魔戒现身  /  指环王I：护戒使者,传说的开始。,9.0,https://movie.douban.com/subject/1291571/
54,V字仇杀队/V for Vendetta/V煞(港)  /  V怪客(台),一张面具背后的理想与革命。,8.9,https://movie.douban.com/subject/1309046/
55,狮子王/The Lion King/狮子王3D,动物版《哈姆雷特》。,9.0,https://movie.douban.com/subject/1301753/
56,美丽心灵/A Beautiful Mind/有你终生美丽(港)  /  美丽境界(台),爱是一切逻辑和原由。,9.0,https://movie.douban.com/subject/1306029/
57,饮食男女/飲食男女/Eat Drink Man Woman,人生不能像做菜，把所有的料都准备好了才下锅。,9.1,https://movie.douban.com/subject/1291818/
58,海豚湾/The Cove/血色海湾(台)  /  海湾,海豚的微笑，是世界上最高明的伪装。,9.3,https://movie.douban.com/subject/3442220/
59,情书/Love Letter/When I Close My Eyes  /  Letters of Love,暗恋的极致。,8.9,https://movie.douban.com/subject/1292220/
60,钢琴家/The Pianist/战地琴声(台)  /  战地琴人,音乐能化解仇恨。,9.1,https://movie.douban.com/subject/1296736/
61,本杰明·巴顿奇事/The Curious Case of Benjamin Button/奇幻逆缘(港)  /  班杰明的奇幻旅程(台),在时间之河里感受溺水之苦。,8.9,https://movie.douban.com/subject/1485260/
62,看不见的客人/Contratiempo/佈局(台)  /  死无对证(港),你以为你以为的就是你以为的。,8.8,https://movie.douban.com/subject/26580232/
63,黑客帝国/The Matrix/廿二世纪杀人网络(港)  /  骇客任务(台),视觉革命。,8.9,https://movie.douban.com/subject/1291843/
64,哈利·波特与魔法石/Harry Potter and the Sorcerer's Stone/哈利波特1：神秘的魔法石(港 / 台),童话世界的开端。,8.9,https://movie.douban.com/subject/1295038/
65,大闹天宫/大闹天宫 上下集  /  The Monkey King,经典之作，历久弥新。,9.3,https://movie.douban.com/subject/1418019/
66,美国往事/Once Upon a Time in America/四海兄弟(台)  /  义薄云天(港),往事如烟，无处祭奠。,9.1,https://movie.douban.com/subject/1292262/
67,西西里的美丽传说/Malèna/真爱伴我行(台)  /  玛莲娜,美丽无罪。,8.8,https://movie.douban.com/subject/1292402/
68,小鞋子/بچههای آسمان/天堂的孩子  /  小童鞋,奔跑的孩子是天使。,9.2,https://movie.douban.com/subject/1303021/
69,拯救大兵瑞恩/Saving Private Ryan/雷霆救兵(港)  /  抢救雷恩大兵(台),美利坚精神输出大片No1.,9.0,https://movie.douban.com/subject/1292849/
70,让子弹飞/让子弹飞一会儿  /  火烧云,你给我翻译翻译，神马叫做TMD的惊喜。,8.8,https://movie.douban.com/subject/3742360/
71,致命魔术/The Prestige/顶尖对决(台)  /  死亡魔法(港),孪生蝙蝠侠大战克隆金刚狼。,8.8,https://movie.douban.com/subject/1780330/
72,音乐之声/The Sound of Music/仙乐飘飘处处闻(港)  /  真善美(台),用音乐化解仇恨，让歌声串起美好。,9.0,https://movie.douban.com/subject/1294408/
73,七宗罪/Se7en/火线追缉令(台)  /  7宗罪,警察抓小偷，老鼠玩死猫。,8.8,https://movie.douban.com/subject/1292223/
74,被嫌弃的松子的一生/嫌われ松子の一生/花样奇缘(港)  /  令人讨厌的松子的一生(台),以戏谑来戏谑戏谑。,8.9,https://movie.douban.com/subject/1787291/
75,猫鼠游戏/Catch Me If You Can/逍遥法外  /  神鬼交锋(台),骗子大师和执著警探的你追我跑故事。 ,8.9,https://movie.douban.com/subject/1305487/
76,低俗小说/Pulp Fiction/黑色追緝令(台)  /  危险人物(港),故事的高级讲法。,8.8,https://movie.douban.com/subject/1291832/
77,沉默的羔羊/The Silence of the Lambs/沉默的羔羊,安东尼·霍普金斯的顶级表演。,8.8,https://movie.douban.com/subject/1293544/
78,天使爱美丽/Le fabuleux destin d'Amélie Poulain/艾蜜莉的异想世界(台)  /  天使艾米莉,法式小清新。 ,8.7,https://movie.douban.com/subject/1292215/
79,蝴蝶效应/The Butterfly Effect/蝴蝶效应,人的命运被自己瞬间的抉择改变。,8.8,https://movie.douban.com/subject/1292343/
80,勇敢的心/Braveheart/惊世未了缘(港)  /  梅尔吉勃逊之英雄本色(台),史诗大片的典范。,8.9,https://movie.douban.com/subject/1294639/
81,春光乍泄/春光乍洩/一起快乐  /  Happy Together,爱情纠缠，男女一致。,8.9,https://movie.douban.com/subject/1292679/
82,剪刀手爱德华/Edward Scissorhands/幻海奇缘(港)  /  剪刀手爱德华,浪漫忧郁的成人童话。,8.7,https://movie.douban.com/subject/1292370/
83,心灵捕手/Good Will Hunting/骄阳似我(港)  /  心灵捕手,人生中应该拥有这样的一段豁然开朗。,8.8,https://movie.douban.com/subject/1292656/
84,何以为家/كفرناحوم/迦百农  /  星仔打官司(港),凝视卑弱生命，用电影改变命运。,9.0,https://movie.douban.com/subject/30170448/
85,穿条纹睡衣的男孩/The Boy in the Striped Pajamas/穿条纹衣服的男孩  /  穿条纹衣的男孩,尽管有些不切实际的幻想，这部电影依旧是一部感人肺腑的佳作。,9.0,https://movie.douban.com/subject/3008247/
86,禁闭岛/Shutter Island/不赦岛(港)  /  隔离岛(台),昔日翩翩少年，今日大腹便便。,8.7,https://movie.douban.com/subject/2334904/
87,布达佩斯大饭店/The Grand Budapest Hotel/布达佩斯大酒店(港)  /  欢迎来到布达佩斯大饭店(台),小清新的故事里注入了大历史的情怀。,8.8,https://movie.douban.com/subject/11525673/
88,阿凡达/Avatar/天神下凡(港)  /  化身,绝对意义上的美轮美奂。,8.7,https://movie.douban.com/subject/1652587/
89,入殓师/おくりびと/礼仪师之奏鸣曲(港)  /  礼仪师(台),死可能是一道门，逝去并不是终结，而是超越，走向下一程。,8.8,https://movie.douban.com/subject/2149806/
90,幽灵公主/もののけ姫/魔法公主  /  幽灵少女,人与自然的战争史诗。,8.9,https://movie.douban.com/subject/1297359/
91,加勒比海盗/Pirates of the Caribbean: The Curse of the Black Pearl/加勒比海盗1：黑珍珠号的诅咒  /  神鬼奇航：鬼盗船魔咒(台),约翰尼·德普的独角戏。,8.7,https://movie.douban.com/subject/1298070/
92,致命ID/Identity/杀人游戏  /  致命身份,最不可能的那个人永远是最可能的。,8.7,https://movie.douban.com/subject/1297192/
93,阳光灿烂的日子/In the Heat of the Sun,一场华丽的意淫。,8.8,https://movie.douban.com/subject/1291875/
94,"摩登时代/Modern Times/The Masses  /  Temps modernes, Les",大时代中的人生，小人物的悲喜。,9.2,https://movie.douban.com/subject/1294371/
95,断背山/Brokeback Mountain/断臂山  /  BBM,每个人心中都有一座断背山。,8.7,https://movie.douban.com/subject/1418834/
96,第六感/The Sixth Sense/灵异第六感  /  鬼眼,深入内心的恐怖，出人意料的结局。,8.8,https://movie.douban.com/subject/1297630/
97,重庆森林/重慶森林/Chungking Express,寂寞没有期限。,8.7,https://movie.douban.com/subject/1291999/
98,狩猎/Jagten/谎言的烙印(台)  /  诬网(港),人言可畏。,9.1,https://movie.douban.com/subject/6985810/
99,玛丽和马克思/Mary and Max/巧克力情缘(台)  /  同是天涯寂寞客,你是我最好的朋友，你是我唯一的朋友 。,8.9,https://movie.douban.com/subject/3072124/
100,喜剧之王/喜劇之王/King of Comedy,我是一个演员。,8.7,https://movie.douban.com/subject/1302425/
101,告白/自白  /  母亲,没有一人完全善，也没有一人完全恶。,8.7,https://movie.douban.com/subject/4268598/
102,消失的爱人/Gone Girl/失踪的女孩  /  失踪女孩,年度最佳date movie。,8.7,https://movie.douban.com/subject/21318488/
103,大鱼/Big Fish/大鱼奇缘(港)  /  大智若鱼(台),抱着梦想而活着的人是幸福的，怀抱梦想而死去的人是不朽的。,8.8,https://movie.douban.com/subject/1291545/
104,一一/Yi yi  /  Yi yi: A One and a Two,我们都曾经是一一。,9.0,https://movie.douban.com/subject/1292434/
105,小森林 夏秋篇/リトル・フォレスト 夏・秋/小森食光 / 夏秋篇(台),那些静得只能听见呼吸的日子里，你明白孤独即生活。,9.0,https://movie.douban.com/subject/25814705/
106,阳光姐妹淘/써니/阳光姊妹淘(港)  /  桑尼,再多各自牛逼的时光，也比不上一起傻逼的岁月。 ,8.8,https://movie.douban.com/subject/4917726/
107,爱在黎明破晓前/Before Sunrise/情留半天(港)  /  爱在黎明破晓时(台),缘分是个连绵词，最美不过一瞬。,8.8,https://movie.douban.com/subject/1296339/
108,射雕英雄传之东成西就/射鵰英雄傳之東成西就/东成西就  /  大英雄 (日本),百看不厌。 ,8.7,https://movie.douban.com/subject/1316510/
109,甜蜜蜜/Comrades: Almost a Love Story,相逢只要一瞬间，等待却像是一辈子。,8.8,https://movie.douban.com/subject/1305164/
110,请以你的名字呼唤我/Call Me by Your Name/以你的名字呼唤我(港 / 台),沉醉在电影的情感和视听氛围中无法自拔。,8.8,https://movie.douban.com/subject/26799731/
111,侧耳倾听/耳をすませば/心之谷  /  梦幻街少女,少女情怀总是诗。,8.9,https://movie.douban.com/subject/1297052/
112,驯龙高手/How to Train Your Dragon/驯龙记(港),和谐的生活离不开摸头与被摸头。,8.7,https://movie.douban.com/subject/2353023/
113,红辣椒/パプリカ/盗梦侦探  /  帕布莉卡,梦的勾结。,8.9,https://movie.douban.com/subject/1865703/
114,倩女幽魂/倩女幽魂(87版)  /  倩女幽魂：妖魔道,两张绝世的脸。 ,8.7,https://movie.douban.com/subject/1297447/
115,超脱/Detachment/人间师格(台),穷尽一生，我们要学会的，不过是彼此拥抱。,8.8,https://movie.douban.com/subject/5322596/
116,恐怖直播/더 테러 라이브/死亡“动”新闻(港)  /  恐怖攻击直播(台),恐怖分子的“秋菊打官司”。,8.7,https://movie.douban.com/subject/21360417/
117,风之谷/風の谷のナウシカ/风谷少女  /  Kaze no tani no Naushika,动画片的圣经。,8.8,https://movie.douban.com/subject/1291585/
118,爱在日落黄昏时/Before Sunset/日落巴黎(港)  /  爱在日落巴黎时(台),九年后的重逢是世俗和责任的交叠，没了悸动和青涩，沧桑而温暖。,8.8,https://movie.douban.com/subject/1291990/
119,菊次郎的夏天/菊次郎の夏/Kikujirô no natsu  /  菊次郎的夏天,从没见过那么流氓的温柔，从没见过那么温柔的流氓。,8.8,https://movie.douban.com/subject/1293359/
120,小森林 冬春篇/リトル・フォレスト 冬・春/小森食光 / 冬春篇(台),尊敬他人，尊敬你生活的这片土地，明白孤独是人生的常态。,9.0,https://movie.douban.com/subject/25814707/
121,哈利·波特与死亡圣器(下)/Harry Potter and the Deathly Hallows: Part 2/哈利波特7：死神的圣物2(港 / 台),10年的完美句点。,8.7,https://movie.douban.com/subject/3011235/
122,杀人回忆/살인의 추억/谋杀回忆  /  杀手回忆录,关于连环杀人悬案的集体回忆。,8.7,https://movie.douban.com/subject/1300299/
123,上帝之城/Cidade de Deus/无主之城 (港)  /  无法无天 (台),被上帝抛弃了的上帝之城。,8.9,https://movie.douban.com/subject/1292208/
124,7号房的礼物/7번방의 선물/戆爸的礼物(港)  /  7号囚房的礼物,《我是山姆》的《美丽人生》。,8.8,https://movie.douban.com/subject/10777687/
125,幸福终点站/The Terminal/机场客运站(港)  /  航站情缘(台),有时候幸福需要等一等。 ,8.7,https://movie.douban.com/subject/1292274/
126,蝙蝠侠：黑暗骑士崛起/The Dark Knight Rises/蝙蝠侠前传3：黑暗骑士崛起  /  黑暗骑士：黎明升起(台),诺兰就是保证。,8.7,https://movie.douban.com/subject/3395373/
127,借东西的小人阿莉埃蒂/借りぐらしのアリエッティ/借物少女艾莉缇(台)  /  借东西的小矮人亚莉亚蒂(港),曾经的那段美好会沉淀为一辈子的记忆。,8.7,https://movie.douban.com/subject/4202302/
128,萤火之森/蛍火の杜へ/萤火之社  /  Hotarubi no mori e,触不到的恋人。,8.8,https://movie.douban.com/subject/5989818/
129,神偷奶爸/Despicable Me/卑鄙的我  /  坏蛋奖门人(港),Mr. I Don't Care其实也有Care的时候。,8.5,https://movie.douban.com/subject/3287562/
130,唐伯虎点秋香/唐伯虎點秋香/Flirting Scholar,华太师是黄霑，吴镇宇四大才子之一。,8.5,https://movie.douban.com/subject/1306249/
131,超能陆战队/Big Hero 6/大英雄联盟(港)  /  大英雄天团(台),Balalala~~~,8.6,https://movie.douban.com/subject/11026735/
132,"怪兽电力公司/Monsters, Inc./怪兽公司(港)  /  怪物公司",不要给它起名字，起了名字就有感情了。,8.6,https://movie.douban.com/subject/1291579/
133,无人知晓/誰も知らない/谁知赤子心(港)  /  无人知晓的夏日清晨(台),我的平常生活就是他人的幸福。,9.1,https://movie.douban.com/subject/1292337/
134,海蒂和爷爷/Heidi/飘零燕(港)  /  海蒂,如果生活中有什么使你感到快乐，那就去做吧！不要管别人说什么。,9.1,https://movie.douban.com/subject/25958717/
135,岁月神偷/歲月神偷/1969太空漫游  /  Echoes Of The Rainbow,岁月流逝，来日可追。,8.7,https://movie.douban.com/subject/3792799/
136,电锯惊魂/Saw/夺魂锯(台)  /  恐惧斗室(港),真相就在眼前。,8.7,https://movie.douban.com/subject/1417598/
137,谍影重重3/The Bourne Ultimatum/叛谍追击3：最后通牒(港)  /  神鬼认证：最后通牒 (台),像吃了苏打饼一样干脆的电影。,8.8,https://movie.douban.com/subject/1578507/
138,七武士/七人の侍/七侠四义(港)  /  The Seven Samurai,时代悲歌。,9.2,https://movie.douban.com/subject/1295399/
139,疯狂原始人/The Croods/古鲁家族(港 / 台),老少皆宜，这就是好莱坞动画的魅力。,8.7,https://movie.douban.com/subject/1907966/
140,喜宴/囍宴/The Wedding Banquet,中国家庭的喜怒哀乐忍。,8.9,https://movie.douban.com/subject/1303037/
141,真爱至上/Love Actually/爱是您，爱是我(台)  /  真的恋爱了(港),爱，是个动词。,8.6,https://movie.douban.com/subject/1292401/
142,英雄本色/A Better Tomorrow  /  Gangland Boss,英雄泪短，兄弟情长。 ,8.7,https://movie.douban.com/subject/1297574/
143,血战钢锯岭/Hacksaw Ridge/钢锯岭  /  钢铁英雄(台),优秀的战争片不会美化战场，不会粉饰死亡，不会矮化敌人，不会无视常识，最重要的，不会宣扬战争。,8.7,https://movie.douban.com/subject/26325320/
144,玩具总动员3/Toy Story 3/反斗奇兵3(港)  /  玩具的故事3,跨度十五年的欢乐与泪水。,8.8,https://movie.douban.com/subject/1858711/
145,东邪西毒/東邪西毒/Ashes of Time,电影诗。,8.6,https://movie.douban.com/subject/1292328/
146,萤火虫之墓/火垂るの墓/再见萤火虫(港)  /  萤火挽歌,幸福是生生不息，却难以触及的远。 ,8.7,https://movie.douban.com/subject/1293318/
147,贫民窟的百万富翁/Slumdog Millionaire/贫民百万富翁(台)  /  一百万零一夜(港),上帝之城+猜火车+阿甘正传+开心辞典=山寨富翁,8.5,https://movie.douban.com/subject/2209573/
148,傲慢与偏见/Pride & Prejudice/傲慢与偏见2005  /  Pride And Prejudice,爱是摈弃傲慢与偏见之后的曙光。,8.5,https://movie.douban.com/subject/1418200/
149,时空恋旅人/About Time/时空旅恋人  /  回到最爱的一天(港),把每天当作最后一天般珍惜度过，积极拥抱生活，就是幸福。,8.7,https://movie.douban.com/subject/10577869/
150,黑天鹅/Black Swan/夺命黑天鹅  /  霸王别鹅(豆友译名),黑暗之美。,8.5,https://movie.douban.com/subject/1978709/
151,记忆碎片/Memento/失忆  /  记忆拼图(台),一个针管引发的血案。,8.6,https://movie.douban.com/subject/1304447/
152,心迷宫/殡棺  /  The Coffin in the Mountain,荒诞讽刺，千奇百巧，抽丝剥茧，百转千回。,8.7,https://movie.douban.com/subject/25917973/
153,纵横四海/緃横四海/Once a Thief,香港浪漫主义警匪动作片的巅峰之作。,8.8,https://movie.douban.com/subject/1295409/
154,荒蛮故事/Relatos salvajes/蛮荒故事  /  生命中最抓狂的小事(台),始于荒诞，止于更荒诞。,8.8,https://movie.douban.com/subject/24750126/
155,教父3/The Godfather: Part III/教父第三集  /  教父 III,任何信念的力量，都无法改变命运。,8.8,https://movie.douban.com/subject/1294240/
156,雨人/Rain Man/手足情未了  /  手足情深,生活在自己的世界里，也可以让周围的人显得可笑和渺小。,8.7,https://movie.douban.com/subject/1291870/
157,完美的世界/A Perfect World/强盗保镳,坏人的好总是比好人的好来得更感人。,9.1,https://movie.douban.com/subject/1300992/
158,达拉斯买家俱乐部/Dallas Buyers Club/续命枭雄(港)  /  药命俱乐部(台),Jared Leto的腿比女人还美！,8.7,https://movie.douban.com/subject/1793929/
159,花样年华/花樣年華/In the Mood for Love,偷情本没有这样美。,8.6,https://movie.douban.com/subject/1291557/
160,"三块广告牌/Three Billboards Outside Ebbing, Missouri/意外(台)  /  广告牌杀人事件(港)",怼天怼地，你走后，她与世界为敌。,8.7,https://movie.douban.com/subject/26611804/
161,卢旺达饭店/Hotel Rwanda/卢安达饭店(台),当这个世界闭上双眼，他却敞开了怀抱。,8.9,https://movie.douban.com/subject/1291822/
162,被解救的姜戈/Django Unchained/被解放的姜戈  /  决杀令(台),热血沸腾，那个低俗、性感的无耻混蛋又来了。,8.6,https://movie.douban.com/subject/6307447/
163,海边的曼彻斯特/Manchester by the Sea/情系海边之城(港),我们都有权利不与自己的过去和解。,8.6,https://movie.douban.com/subject/25980443/
164,你的名字。/君の名は。/你的名字  /  君之名,穿越错位的时空，仰望陨落的星辰，你没留下你的名字，我却无法忘记那句“我爱你”。,8.4,https://movie.douban.com/subject/26683290/
165,恋恋笔记本/The Notebook/深情日记  /  写我情真,爱情没有那么多借口，如果不能圆满，只能说明爱的不够。 ,8.5,https://movie.douban.com/subject/1309163/
166,你看起来好像很好吃/おまえうまそうだな/你看起来很好吃(台)  /  你看上去好像很好吃,感情不分食草或者食肉。,8.8,https://movie.douban.com/subject/4848115/
167,头脑特工队/Inside Out/玩转脑朋友(港)  /  脑筋急转弯(台),愿我们都不用长大，每一座城堡都能永远存在。,8.7,https://movie.douban.com/subject/10533913/
168,虎口脱险/La grande vadrouille/横冲直撞出重围(港)  /  大進擊(台),永远看不腻的喜剧。,8.9,https://movie.douban.com/subject/1296909/
169,我是山姆/I Am Sam/不一样的爸爸(港)  /  他不笨，他是我爸爸(台),爱并不需要智商 。,8.9,https://movie.douban.com/subject/1306861/
170,海洋/Océans/Oceans  /  海洋,大海啊，不全是水。,9.0,https://movie.douban.com/subject/3443389/
171,无敌破坏王/Wreck-It Ralph/破坏王拉尔夫  /  破坏王大冒险,迪士尼和皮克斯拿错剧本的产物。,8.7,https://movie.douban.com/subject/6534248/
172,二十二/Twenty Two  /  22,有一些东西不应该被遗忘。,8.7,https://movie.douban.com/subject/26430107/
173,冰川时代/Ice Age/冰河世纪  /  冰原历险记,松鼠才是角儿。,8.5,https://movie.douban.com/subject/1291578/
174,雨中曲/Singin' in the Rain/雨中情  /  万花嬉春,骨灰级歌舞片。,9.0,https://movie.douban.com/subject/1293460/
175,爆裂鼓手/Whiplash/鼓动真我(港)  /  进击的鼓手(台),这个世界从不善待努力的人，努力了也不一定会成功，但是知道自己在努力，就是活下去的动力。,8.6,https://movie.douban.com/subject/25773932/
176,燃情岁月/Legends of the Fall/秋日传奇  /  真爱一世情(台),传奇，不是每个人都可以拥有。,8.8,https://movie.douban.com/subject/1295865/
177,未麻的部屋/Perfect Blue/蓝色的恐惧  /  蓝色恐惧,好的剧本是，就算你猜到了结局也猜不到全部。,8.9,https://movie.douban.com/subject/1395091/
178,模仿游戏/The Imitation Game/解码游戏(港)  /  模拟游戏,他给机器起名“克里斯托弗”，因为这是他初恋的名字。,8.6,https://movie.douban.com/subject/10463953/
179,一个叫欧维的男人决定去死/En man som heter Ove/明天别再来敲门(台)  /  想死冇咁易(港),惠及一生的美丽。,8.8,https://movie.douban.com/subject/26628357/
180,人工智能/Artificial Intelligence: AI/AI人工智慧,对爱的执着，可以超越一切。,8.6,https://movie.douban.com/subject/1302827/
181,穿越时空的少女/時をかける少女/跳跃吧！时空少女(台)  /  Toki o kakeru shôjo,爱上未来的你。 ,8.6,https://movie.douban.com/subject/1937946/
182,忠犬八公物语/ハチ公物語/八千公物语  /  阿八的故事,养狗三日，便会对你终其一生。,9.1,https://movie.douban.com/subject/1959195/
183,房间/Room/不存在的房间(台)  /  抖室(港),被偷走的岁月，被伤害的生命，被禁锢的灵魂，终将被希望和善意救赎。,8.8,https://movie.douban.com/subject/25724855/
184,魔女宅急便/魔女の宅急便/魔女琪琪(台)  /  小魔女限时专送,宫崎骏的电影总让人感觉世界是美好的，阳光明媚的。,8.6,https://movie.douban.com/subject/1307811/
185,魂断蓝桥/Waterloo Bridge/滑铁卢桥  /  断桥残梦,中国式内在的美国电影。,8.8,https://movie.douban.com/subject/1293964/
186,恐怖游轮/Triangle/汪洋血迷宮(台)  /  轮回三角,不要企图在重复中寻找已经失去的爱。,8.4,https://movie.douban.com/subject/3011051/
187,猜火车/Trainspotting/迷幻列车(港)  /  定位的火车,不可猜的青春迷笛。 ,8.5,https://movie.douban.com/subject/1292528/
188,完美陌生人/Perfetti sconosciuti/完美谎情(港)  /  波动的信息分享,来啊，互相伤害啊！,8.6,https://movie.douban.com/subject/26614893/
189,哪吒闹海/Prince Nezha's Triumph Against Dragon King  /  Nezha nao hai,想你时你在闹海。,9.0,https://movie.douban.com/subject/1307315/
190,罗生门/羅生門/Rashomon,人生的N种可能性。,8.8,https://movie.douban.com/subject/1291879/
191,海街日记/海街diary/海街女孩日记(港)  /  Kamakura Diary,是枝裕和的家庭习作。,8.7,https://movie.douban.com/subject/25895901/
192,黑客帝国3：矩阵革命/The Matrix Revolutions/骇客任务完结篇：最后战役  /  廿二世纪杀人网络3：惊变世纪,不得不说，《黑客帝国》系列是商业片与科幻、哲学完美结合的典范。,8.6,https://movie.douban.com/subject/1302467/
193,天书奇谭/The Legend of Sealed Book  /  Secrets of the Heavenly Book,传奇的年代，醉人的童话。,9.1,https://movie.douban.com/subject/1428581/
194,阿飞正传/阿飛正傳/Days of Being Wild,王家卫是一种风格，张国荣是一个代表。,8.5,https://movie.douban.com/subject/1305690/
195,香水/Perfume: The Story of a Murderer/香水：一个杀人犯的故事  /  香水：一个谋杀犯的故事,一个单凭体香达到高潮的男人。,8.5,https://movie.douban.com/subject/1760622/
196,朗读者/The Reader/为爱朗读(台)  /  读爱(港),当爱情跨越年龄的界限，它似乎能变得更久远一点，成为一种责任，一种水到渠成的相濡以沫。 ,8.5,https://movie.douban.com/subject/2213597/
197,可可西里/Kekexili: Mountain Patrol,坚硬的信仰。,8.7,https://movie.douban.com/subject/1308857/
198,浪潮/Die Welle/恶魔教室(台)  /  白恤暴潮(港),世界离独裁只有五天。,8.7,https://movie.douban.com/subject/2297265/
199,谍影重重2/The Bourne Supremacy/叛谍追击2：机密圈套(港)  /  神鬼认证：神鬼疑云(台),谁说王家卫镜头很晃？,8.6,https://movie.douban.com/subject/1308767/
200,牯岭街少年杀人事件/牯嶺街少年殺人事件/A Brighter Summer Day,弱者送给弱者的一刀。,8.8,https://movie.douban.com/subject/1292329/
201,谍影重重/The Bourne Identity/叛谍追击(港)  /  神鬼认证(台),哗啦啦啦啦，天在下雨，哗啦啦啦啦，云在哭泣……找自己。,8.6,https://movie.douban.com/subject/1304102/
202,战争之王/Lord of War/军火之王(台 / 港),做一颗让别人需要你的棋子。,8.6,https://movie.douban.com/subject/1419936/
203,地球上的星星/Taare Zameen Par/心中的小星星(台)  /  每一个孩子都是特别的,天使保护事件始末。,8.9,https://movie.douban.com/subject/2363506/
204,疯狂的石头/Crazy Stone,中国版《两杆大烟枪》。,8.4,https://movie.douban.com/subject/1862151/
205,惊魂记/Psycho/精神病患者  /  触目惊心,故事的反转与反转，分裂电影的始祖。,8.9,https://movie.douban.com/subject/1293181/
206,青蛇/Green Snake,人生如此，浮生如斯。谁人言，花彼岸，此生情长意短。谁都是不懂爱的罢了。,8.5,https://movie.douban.com/subject/1303394/
207,初恋这件小事/สิ่งเล็กเล็กที่เรียกว่า...รัก/初恋那件小事(港)  /  暗恋那点小事,黑小鸭速效美白记。,8.3,https://movie.douban.com/subject/4739952/
208,终结者2：审判日/Terminator 2: Judgment Day/终结者2  /  终结者2：末日审判,少见的超越首部的续集，动作片中的经典。,8.6,https://movie.douban.com/subject/1291844/
209,源代码/Source Code/启动原始码(台)  /  危机解密(港),邓肯·琼斯继《月球》之后再度奉献出一部精彩绝伦的科幻佳作。,8.4,https://movie.douban.com/subject/3075287/
210,步履不停/歩いても 歩いても/横山家之味(港 / 台),日本的家庭电影已经是世界巅峰了，步履不停是巅峰中的佳作。,8.8,https://movie.douban.com/subject/2222996/
211,新龙门客栈/新龍門客棧/New Dragon Gate Inn,嬉笑怒骂，调风动月。,8.5,https://movie.douban.com/subject/1292287/
212,小萝莉的猴神大叔/Bajrangi Bhaijaan/娃娃返乡任务(台)  /  宝莱坞之钢铁奶爸(台),宝莱坞的萝莉与大叔。,8.5,https://movie.douban.com/subject/26393561/
213,爱在午夜降临前/Before Midnight/爱在午夜希腊时(台)  /  情约半生(港),所谓爱情，就是话唠一路，都不会心生腻烦，彼此嫌弃。,8.8,https://movie.douban.com/subject/10808442/
214,一次别离/جدایی نادر از سیمین/分居风暴(台)  /  伊朗式分居(港),只有有信仰的人才能说出事实真相。,8.7,https://movie.douban.com/subject/5964718/
215,追随/Following/跟踪(台)  /  致命追踪,诺兰的牛逼来源于内心散发出的恐惧。,8.9,https://movie.douban.com/subject/1397546/
216,功夫/功夫3D  /  Kung Fu Hustle,警恶惩奸，维护世界和平这个任务就交给你了，好吗？,8.4,https://movie.douban.com/subject/1291543/
217,再次出发之纽约遇见你/Begin Again/再次出发  /  歌曲改变人生,爱我就给我看你的播放列表。,8.5,https://movie.douban.com/subject/6874403/
218,无耻混蛋/Inglourious Basterds/恶棍特工(台)  /  希魔撞正杀人狂(港),昆汀同学越来越变态了，比北野武还杜琪峰。,8.5,https://movie.douban.com/subject/1438652/
219,撞车/Crash/冲击效应  /  冲撞,天使与魔鬼的冲撞。,8.6,https://movie.douban.com/subject/1388216/
220,奇迹男孩/Wonder/奇迹,世界不完美，爱会有奇迹。,8.6,https://movie.douban.com/subject/26787574/
221,东京物语/東京物語/东京故事  /  Tokyo Story,东京那么大，如果有一天走失了，恐怕一辈子不能再相见。,9.2,https://movie.douban.com/subject/1291568/
222,梦之安魂曲/Requiem for a Dream/噩梦挽歌(台)  /  迷上瘾(港),一场没有春天的噩梦。,8.7,https://movie.douban.com/subject/1292270/
223,头号玩家/Ready Player One/玩家一号  /  挑战者1号(港),写给影迷，动漫迷和游戏迷的一封情书。,8.7,https://movie.douban.com/subject/4920389/
224,城市之光/City Lights/City Lights: A Comedy Romance in Pantomime  /  Lichter der Großstadt,永远的小人物，伟大的卓别林。,9.3,https://movie.douban.com/subject/1293908/
225,彗星来的那一夜/Coherence/相干性  /  相干效应,小成本大魅力。,8.5,https://movie.douban.com/subject/25807345/
226,血钻/Blood Diamond/血腥钻石  /  滴血钻石,每个美丽事物背后都是滴血的现实。,8.6,https://movie.douban.com/subject/1428175/
227,绿里奇迹/The Green Mile/绿色奇迹(台)  /  绿色英里,天使暂时离开。,8.7,https://movie.douban.com/subject/1300374/
228,2001太空漫游/2001: A Space Odyssey/2001：星际漫游  /  2001：太空奥德赛,现代科幻电影的开山之作，最伟大导演的最伟大影片。,8.7,https://movie.douban.com/subject/1292226/
229,聚焦/Spotlight/焦点追击(港)  /  惊爆焦点(台),新闻人的理性求真。,8.8,https://movie.douban.com/subject/25954475/
230,疯狂的麦克斯4：狂暴之路/Mad Max: Fury Road/末日先锋：战甲飞车(港)  /  疯狂麦斯：愤怒道(台),“多么美好的一天！”轰轰轰砰咚，啪哒哒哒轰隆隆，磅~,8.6,https://movie.douban.com/subject/3592854/
231,这个男人来自地球/The Man from Earth/地球不死人(港)  /  这个人来自洞穴,科幻真正的魅力不是视觉效果能取代的。 ,8.5,https://movie.douban.com/subject/2300586/
232,E.T. 外星人/E.T.: The Extra-Terrestrial/外星人E.T.  /  外星人,生病的E.T.皮肤的颜色就像柿子饼。,8.5,https://movie.douban.com/subject/1294638/
233,末路狂花/Thelma & Louise/塞尔玛与路易丝  /  末路狂花,没有了退路，只好飞向自由。,8.7,https://movie.douban.com/subject/1291992/
234,釜山行/부산행/尸速列车(台)  /  尸杀列车(港),揭露人性的丧尸题材力作。,8.4,https://movie.douban.com/subject/25986180/
235,黑鹰坠落/Black Hawk Down/黑鹰降落  /  黑鹰计划,还原真实而残酷的战争。,8.6,https://movie.douban.com/subject/1291824/
236,发条橙/A Clockwork Orange/发条桔子  /  发条橙子,我完全康复了。,8.5,https://movie.douban.com/subject/1292233/
237,变脸/Face/Off/夺面双雄  /  夺命双雄,当发哥的风衣、墨镜出现在了凯奇身上⋯⋯,8.4,https://movie.douban.com/subject/1292659/
238,勇闯夺命岛/The Rock/石破天惊  /  绝地任务,类型片的极致。 ,8.6,https://movie.douban.com/subject/1292728/
239,新世界/신세계/暗黑新世界(台)  /  New World,要做就做得狠一点，这样才能活下去。,8.7,https://movie.douban.com/subject/10437779/
240,我爱你/그대를 사랑합니다/爱你  /  爱，是一生相伴(台),你要相信，这世上真的有爱存在，不管在什么年纪 ,9.0,https://movie.douban.com/subject/5908478/
241,"黄金三镖客/Il buono, il brutto, il cattivo./好·坏·丑  /  独行侠决斗地狱门(港)",最棒的西部片。,9.1,https://movie.douban.com/subject/1401118/
242,国王的演讲/The King's Speech/皇上无话儿(港)  /  王者之声：宣战时刻(台),皇上无话儿。,8.4,https://movie.douban.com/subject/4023638/
243,遗愿清单/The Bucket List/玩转身前事(港)  /  一路玩到挂(台),用剩余不多的时间，去燃烧整个生命。,8.6,https://movie.douban.com/subject/1867345/
244,非常嫌疑犯/The Usual Suspects/刺激惊爆点(台)  /  普通嫌疑犯,我不信仰上帝，但我敬畏上帝。,8.6,https://movie.douban.com/subject/1292214/
245,秒速5厘米/秒速5センチメートル/秒速五厘米  /  秒速5公分,青春就是放弃和怀念。,8.3,https://movie.douban.com/subject/2043546/
246,千钧一发/Gattaca/变种异煞  /  自然人,一部能引人思考的科幻励志片。,8.7,https://movie.douban.com/subject/1300117/
247,卡萨布兰卡/Casablanca/北非谍影(港)  /  卡萨布兰卡,世界上有那么多女人那么多酒馆，但她偏偏走进我的这家。,8.6,https://movie.douban.com/subject/1296753/
248,驴得水/Mr. Donkey,过去的如果就让它过去了，未来只会越来越糟！,8.3,https://movie.douban.com/subject/25921812/
